id;name;description;createdat;updatedat
1;Librer√≠a;Afghani Zapatos monetize;2024-02-06T01:38:16;2024-02-05T10:52:25
2;e-tailers blockchains deposit;Castilla;2024-02-05T10:15:30;2024-02-05T03:39:22
3;Cuesta overriding;multi-byte;2024-02-05T04:39:22;2024-02-05T21:22:58
4;navigating;solid;2024-02-05T05:37:55;2024-02-06T00:06:23
5;Taiwan Pelota;program;2024-02-05T14:21:03;2024-02-05T10:54:25
6;EXE SMS Sabroso;Proactivo Savings Guantes;2024-02-05T09:32:22;2024-02-05T15:40:29
7;Pescado;haptic a;2024-02-05T10:56:21;2024-02-06T01:24:19
8;Zapatos Hormigon withdrawal;Analista deposit Representante;2024-02-05T15:22:18;2024-02-05T15:48:15
9;Loan Verde Uganda;Moda collaborative;2024-02-05T20:19:26;2024-02-05T18:37:12
10;Kuwaiti fidelidad Intuitivo;Ferrocarril;2024-02-05T20:11:01;2024-02-05T15:37:21
